id,node,slot_start,slot_end,priority
0,1711164576,11:00,12:00,high
1,12165589521,16:00,17:00,high
2,2340702231,11:00,12:00,high
3,1632941713,16:00,17:00,high
4,1930311422,14:00,15:00,high
5,11259632177,13:00,14:00,normal
6,7530754318,11:00,12:00,normal
7,7634082486,16:00,17:00,high
8,7513859830,16:00,17:00,normal
9,7505636841,9:00,10:00,normal
10,9768591913,19:00,20:00,high
11,7488271584,10:00,11:00,normal
12,7513481277,19:00,20:00,high
13,11878206714,13:00,14:00,normal
14,7543874820,15:00,16:00,high
